,nloc,ccn_avg,ccn_std,num_functions,changes,authors,main_author_ratio,age_days,last_mod_days,lines_added,lines_deleted,churn_rate,entropy,comment_density,changes_per_kloc,defective
count,7470.0,7470.0,7470.0,7470.0,7470.0,7470.0,7470.0,7470.0,7470.0,7470.0,7470.0,7470.0,7470.0,7470.0,7470.0,7470.0
mean,119.47871485943774,2.1134629802971627,0.8903464830892732,5.887951807228916,39.49183400267738,8.91566265060241,0.6420607396922988,2363.2076305220885,981.0123159303882,1115.313654618474,519.4461847389558,19.6246115964721,4.062805513795362,0.2860321010867099,33.876594802898005,0.6381526104417671
std,281.45895605526994,6.542929919050842,2.726170105483875,13.458152391778306,71.61832701160259,11.671330607791194,0.29079688529007813,1527.4418175345604,986.3766675875316,3266.319688080234,1920.960082760444,30.595245693974,1.435939666608483,0.20880429279016446,52.889270797967505,0.48056713633962617
min,2.0,0.0,0.0,0.0,1.0,1.0,0.1,13.0,8.0,0.0,0.0,0.0,0.0,0.0,0.4543389368468877,0.0
25%,15.0,1.0,0.0,1.0,4.0,1.0,0.4054054054054054,1358.75,133.0,110.0,3.0,3.076923076923077,3.1786749849458915,0.0909090909090909,2.9791459781529297,0.0
50%,40.0,1.0,0.0,2.0,14.0,4.0,0.5781929347826087,2120.0,622.0,338.0,62.0,8.75,4.128526345352725,0.2678571428571428,12.584716536967896,1.0
75%,106.0,2.0,0.8408871911828881,6.0,52.0,12.0,1.0,3155.0,1394.0,954.75,355.75,27.38730755460079,5.104372171596689,0.45,47.45746792623575,1.0
max,8110.0,253.0,95.55310074366186,324.0,1720.0,122.0,1.0,6639.0,4537.0,138176.0,81037.0,1030.5,7.513852535612079,0.8484848484848485,1714.8554336989034,1.0
